 format: day,hour,forecast,value  location:53_114 Start : 20161001 
 1,0200,+4,18.100000 
 1,0200,+7,20.000000 
 1,0500,+4,18.100000 
 1,0500,+7,20.000000 
 1,0800,+4,18.100000 
 1,0800,+7,19.000000 
 1,1100,+4,18.100000 
 1,1100,+7,19.000000 
 1,1400,+4,18.100000 
 1,1400,+7,19.000000 
 1,1700,+4,18.100000 
 1,1700,+7,19.000000 
 1,2000,+4,19.900000 
 1,2000,+7,17.000000 
 1,2300,+4,19.900000 
 1,2300,+7,17.000000 
 2,0200,+4,19.900000 
 2,0200,+7,17.000000 
 2,0500,+4,19.900000 
 2,0500,+7,17.000000 
 2,0800,+4,19.700001 
 2,0800,+7,17.000000 
 2,1100,+4,19.700001 
 2,1100,+7,17.000000 
 2,1400,+4,19.700001 
 2,1400,+7,17.000000 
 2,1700,+4,19.700001 
 2,1700,+7,17.000000 
 2,2000,+4,17.100000 
 2,2000,+7,16.799999 
 2,2300,+4,17.100000 
 2,2300,+7,16.799999 
 3,0200,+4,17.100000 
 3,0200,+7,17.299999 
 3,0500,+4,17.100000 
 3,0500,+7,16.799999 
 3,0800,+4,17.000000 
 3,0800,+7,17.700001 
 3,1100,+4,17.000000 
 3,1100,+7,17.700001 
 3,1400,+4,17.000000 
 3,1400,+7,17.700001 
 3,1700,+4,17.000000 
 3,1700,+7,17.700001 
 3,2000,+4,17.600000 
 3,2000,+7,14.500000 
 3,2300,+4,17.600000 
 3,2300,+7,14.500000 
 4,0200,+4,17.600000 
 4,0200,+7,14.500000 
 4,0500,+4,17.600000 
 4,0500,+7,14.500000 
 4,0800,+4,17.700001 
 4,0800,+7,14.600000 
 4,1100,+4,17.700001 
 4,1100,+7,14.600000 
 4,1400,+4,18.600000 
 4,1400,+7,14.600000 
 4,1700,+4,18.600000 
 4,1700,+7,14.600000 
 4,2000,+4,14.600000 
 4,2000,+7,15.400000 
 4,2300,+4,14.600000 
 4,2300,+7,15.400000 
 5,0200,+4,14.600000 
 5,0200,+7,15.400000 
 5,0500,+4,14.600000 
 5,0500,+7,15.400000 
 5,0800,+4,14.800000 
 5,0800,+7,15.600000 
 5,1100,+4,14.800000 
 5,1100,+7,15.600000 
 5,1400,+4,14.800000 
 5,1400,+7,15.600000 
 5,1700,+4,14.800000 
 5,1700,+7,15.600000 
 5,2000,+4,15.400000 
 5,2000,+7,15.900000 
 5,2300,+4,15.400000 
 5,2300,+7,15.900000 
 6,0200,+4,15.400000 
 6,0200,+7,15.900000 
 6,0500,+4,15.400000 
 6,0500,+7,15.900000 
 6,0800,+4,15.600000 
 6,0800,+7,15.700000 
 6,1100,+4,14.700000 
 6,1100,+7,15.700000 
 6,1400,+4,14.400000 
 6,1400,+7,15.700000 
 6,1700,+4,14.300000 
 6,1700,+7,15.700000 
 6,2000,+4,16.000000 
 6,2000,+7,9.800000 
 6,2300,+4,16.000000 
 6,2300,+7,9.800000 
 7,0200,+4,16.000000 
 7,0200,+7,9.800000 
 7,0500,+4,16.000000 
 7,0500,+7,9.800000 
 7,0800,+4,16.100000 
 7,0800,+7,9.800000 
 7,1100,+4,16.200001 
 7,1100,+7,9.800000 
 7,1400,+4,16.200001 
 7,1400,+7,9.800000 
 7,1700,+4,16.200001 
 7,1700,+7,9.800000 
 7,2000,+4,9.800000 
 7,2000,+7,9.900000 
 7,2300,+4,9.800000 
 7,2300,+7,9.900000 
 8,0200,+4,9.800000 
 8,0200,+7,9.900000 
 8,0500,+4,9.700000 
 8,0500,+7,9.900000 
 8,0800,+4,9.900000 
 8,0800,+7,9.900000 
 8,1100,+4,9.900000 
 8,1100,+7,9.900000 
 8,1400,+4,9.800000 
 8,1400,+7,10.000000 
 8,1700,+4,9.900000 
 8,1700,+7,10.000000 
 8,2000,+4,9.000000 
 8,2000,+7,9.100000 
 8,2300,+4,9.000000 
 8,2300,+7,9.100000 
 9,0200,+4,9.000000 
 9,0200,+7,9.100000 
 9,0500,+4,9.000000 
 9,0500,+7,9.100000 
 9,0800,+4,9.000000 
 9,0800,+7,9.000000 
 9,1100,+4,9.000000 
 9,1100,+7,9.000000 
 9,1400,+4,9.000000 
 9,1400,+7,9.000000 
 9,1700,+4,9.000000 
 9,1700,+7,9.000000 
 9,2000,+4,9.200000 
 9,2000,+7,11.700000 
 9,2300,+4,9.200000 
 9,2300,+7,11.700000 
 10,0200,+4,9.300000 
 10,0200,+7,11.700000 
 10,0500,+4,9.200000 
 10,0500,+7,11.700000 
 10,0800,+4,9.400000 
 10,0800,+7,11.900000 
 10,1100,+4,9.400000 
 10,1100,+7,11.900000 
 10,1400,+4,9.400000 
 10,1400,+7,11.900000 
 10,1700,+4,9.200000 
 10,1700,+7,11.900000 
 10,2000,+4,12.000000 
 10,2000,+7,10.000000 
 10,2300,+4,12.000000 
 10,2300,+7,10.000000 
 11,0200,+4,12.000000 
 11,0200,+7,10.000000 
 11,0500,+4,12.000000 
 11,0500,+7,10.000000 
 11,0800,+4,11.800000 
 11,0800,+7,10.100000 
 11,1100,+4,11.800000 
 11,1100,+7,10.100000 
 11,1400,+4,11.800000 
 11,1400,+7,10.100000 
 11,1700,+4,11.900000 
 11,1700,+7,10.100000 
 11,2000,+4,9.200000 
 11,2000,+7,9.700000 
 11,2300,+4,9.200000 
 11,2300,+7,9.700000 
 12,0200,+4,9.200000 
 12,0200,+7,9.700000 
 12,0500,+4,9.200000 
 12,0500,+7,9.700000 
 12,0800,+4,9.500000 
 12,0800,+7,8.700000 
 12,1100,+4,9.500000 
 12,1100,+7,8.700000 
 12,1400,+4,9.600000 
 12,1400,+7,8.700000 
 12,1700,+4,9.600000 
 12,1700,+7,8.700000 
 12,2000,+4,10.700000 
 12,2000,+7,11.300000 
 12,2300,+4,10.700000 
 12,2300,+7,11.300000 
 13,0200,+4,10.700000 
 13,0200,+7,11.300000 
 13,0500,+4,10.700000 
 13,0500,+7,11.300000 
 13,0800,+4,10.500000 
 13,0800,+7,11.200000 
 13,1100,+4,10.500000 
 13,1100,+7,11.200000 
 13,1400,+4,10.500000 
 13,1400,+7,11.200000 
 13,1700,+4,10.500000 
 13,1700,+7,11.200000 
 13,2000,+4,11.400000 
 13,2000,+7,14.300000 
 13,2300,+4,11.400000 
 13,2300,+7,14.300000 
 14,0200,+4,11.900000 
 14,0200,+7,14.200000 
 14,0500,+4,11.900000 
 14,0500,+7,14.200000 
 14,0800,+4,11.900000 
 14,0800,+7,14.200000 
 14,1100,+4,11.900000 
 14,1100,+7,14.200000 
 14,1400,+4,11.600000 
 14,1400,+7,14.300000 
 14,1700,+4,11.600000 
 14,1700,+7,14.300000 
 14,2000,+4,14.600000 
 14,2000,+7,14.600000 
 14,2300,+4,14.600000 
 14,2300,+7,14.600000 
 15,0200,+4,14.700000 
 15,0200,+7,14.800000 
 15,0500,+4,14.700000 
 15,0500,+7,14.800000 
 15,0800,+4,14.800000 
 15,0800,+7,13.700000 
 15,1100,+4,14.800000 
 15,1100,+7,13.700000 
 15,1400,+4,14.800000 
 15,1400,+7,13.800000 
 15,1700,+4,14.500000 
 15,1700,+7,13.800000 
 15,2000,+4,15.000000 
 15,2000,+7,12.300000 
 15,2300,+4,15.000000 
 15,2300,+7,12.300000 
 16,0200,+4,15.000000 
 16,0200,+7,12.300000 
 16,0500,+4,15.000000 
 16,0500,+7,12.300000 
 16,0800,+4,15.400000 
 16,0800,+7,12.600000 
 16,1100,+4,15.400000 
 16,1100,+7,12.600000 
 16,1400,+4,14.700000 
 16,1400,+7,12.300000 
 16,1700,+4,14.800000 
 16,1700,+7,12.300000 
 16,2000,+4,12.000000 
 16,2000,+7,12.400000 
 16,2300,+4,12.000000 
 16,2300,+7,12.400000 
 17,0200,+4,12.000000 
 17,0200,+7,12.400000 
 17,0500,+4,12.000000 
 17,0500,+7,12.400000 
 17,0800,+4,10.900000 
 17,0800,+7,12.400000 
 17,1100,+4,10.900000 
 17,1100,+7,12.400000 
 17,1400,+4,12.000000 
 17,1400,+7,12.400000 
 17,1700,+4,12.000000 
 17,1700,+7,12.400000 
 17,2000,+4,11.700000 
 17,2000,+7,12.200000 
 17,2300,+4,11.700000 
 17,2300,+7,12.200000 
 18,0200,+4,11.700000 
 18,0200,+7,12.200000 
 18,0500,+4,11.700000 
 18,0500,+7,12.200000 
 18,0800,+4,11.500000 
 18,0800,+7,12.700000 
 18,1100,+4,11.500000 
 18,1100,+7,12.700000 
 18,1400,+4,11.500000 
 18,1400,+7,12.700000 
 18,1700,+4,11.500000 
 18,1700,+7,12.700000 
 18,2000,+4,12.100000 
 18,2000,+7,13.900000 
 18,2300,+4,12.100000 
 18,2300,+7,13.900000 
 19,0200,+4,12.100000 
 19,0200,+7,13.900000 
 19,0500,+4,12.100000 
 19,0500,+7,13.900000 
 19,0800,+4,12.700000 
 19,0800,+7,13.700000 
 19,1100,+4,12.700000 
 19,1100,+7,13.700000 
 19,1400,+4,12.700000 
 19,1400,+7,13.700000 
 19,1700,+4,12.800000 
 19,1700,+7,13.700000 
 19,2000,+4,14.400000 
 19,2000,+7,13.800000 
 19,2300,+4,14.400000 
 19,2300,+7,13.800000 
 20,0200,+4,14.400000 
 20,0200,+7,13.800000 
 20,0500,+4,14.400000 
 20,0500,+7,13.800000 
 20,0800,+4,14.600000 
 20,0800,+7,13.800000 
 20,1100,+4,13.800000 
 20,1100,+7,13.800000 
 20,1400,+4,13.800000 
 20,1400,+7,13.800000 
 20,1700,+4,13.800000 
 20,1700,+7,13.800000 
 20,2000,+4,13.900000 
 20,2000,+7,14.400000 
 20,2300,+4,13.900000 
 20,2300,+7,14.400000 
 21,0200,+4,13.900000 
 21,0200,+7,14.400000 
 21,0500,+4,13.900000 
 21,0500,+7,14.400000 
 21,0800,+4,13.900000 
 21,0800,+7,14.600000 
 21,1100,+4,13.900000 
 21,1100,+7,14.600000 
 21,1400,+4,13.900000 
 21,1400,+7,14.600000 
 21,1700,+4,13.900000 
 21,1700,+7,14.600000 
 21,2000,+4,13.600000 
 21,2000,+7,9.000000 
 21,2300,+4,13.600000 
 21,2300,+7,9.000000 
 22,0200,+4,13.600000 
 22,0200,+7,9.000000 
 22,0500,+4,13.600000 
 22,0500,+7,9.000000 
 22,0800,+4,13.700000 
 22,0800,+7,9.000000 
 22,1100,+4,13.700000 
 22,1100,+7,9.000000 
 22,1400,+4,13.700000 
 22,1400,+7,9.000000 
 22,1700,+4,13.700000 
 22,1700,+7,9.000000 
 22,2000,+4,8.600000 
 22,2000,+7,12.500000 
 22,2300,+4,8.600000 
 22,2300,+7,12.500000 
 23,0200,+4,9.700000 
 23,0200,+7,12.500000 
 23,0500,+4,9.700000 
 23,0500,+7,12.500000 
 23,0800,+4,9.600000 
 23,0800,+7,12.200000 
 23,1100,+4,9.600000 
 23,1100,+7,12.200000 
 23,1400,+4,9.500000 
 23,1400,+7,12.200000 
 23,1700,+4,9.600000 
 23,1700,+7,12.200000 
 23,2000,+4,12.200000 
 23,2000,+7,11.900000 
 23,2300,+4,12.200000 
 23,2300,+7,11.900000 
 24,0200,+4,12.200000 
 24,0200,+7,11.900000 
 24,0500,+4,12.200000 
 24,0500,+7,11.900000 
 24,0800,+4,13.000000 
 24,0800,+7,11.800000 
 24,1100,+4,13.000000 
 24,1100,+7,11.800000 
 24,1400,+4,13.000000 
 24,1400,+7,11.900000 
 24,1700,+4,13.000000 
 24,1700,+7,11.900000 
 24,2000,+4,12.300000 
 24,2000,+7,10.700000 
 24,2300,+4,12.300000 
 24,2300,+7,10.700000 
 25,0200,+4,11.900000 
 25,0200,+7,10.700000 
 25,0500,+4,11.900000 
 25,0500,+7,10.700000 
 25,0800,+4,11.300000 
 25,0800,+7,10.800000 
 25,1100,+4,11.300000 
 25,1100,+7,10.800000 
 25,1400,+4,11.300000 
 25,1400,+7,10.800000 
 25,1700,+4,11.300000 
 25,1700,+7,10.800000 
 25,2000,+4,10.000000 
 25,2000,+7,12.500000 
 25,2300,+4,10.000000 
 25,2300,+7,12.500000 
 26,0200,+4,10.000000 
 26,0200,+7,12.500000 
 26,0500,+4,10.000000 
 26,0500,+7,12.500000 
 26,0800,+4,10.400000 
 26,0800,+7,12.400000 
 26,1100,+4,10.400000 
 26,1100,+7,12.400000 
 26,1400,+4,10.400000 
 26,1400,+7,12.400000 
 26,1700,+4,10.400000 
 26,1700,+7,12.400000 
 26,2000,+4,12.300000 
 26,2000,+7,7.700000 
 26,2300,+4,12.300000 
 26,2300,+7,7.700000 
 27,0200,+4,12.300000 
 27,0200,+7,7.700000 
 27,0500,+4,12.300000 
 27,0500,+7,7.700000 
 27,0800,+4,12.400000 
 27,0800,+7,7.700000 
 27,1100,+4,12.400000 
 27,1100,+7,7.700000 
 27,1400,+4,12.300000 
 27,1400,+7,7.700000 
 27,1700,+4,12.400000 
 27,1700,+7,7.700000 
 27,2000,+4,8.400000 
 27,2000,+7,3.900000 
 27,2300,+4,8.400000 
 27,2300,+7,3.900000 
 28,0200,+4,8.400000 
 28,0200,+7,4.400000 
 28,0500,+4,7.600000 
 28,0500,+7,4.400000 
 28,0800,+4,7.500000 
 28,0800,+7,4.400000 
 28,1100,+4,7.500000 
 28,1100,+7,4.400000 
 28,1400,+4,7.500000 
 28,1400,+7,4.400000 
 28,1700,+4,7.500000 
 28,1700,+7,4.400000 
 28,2000,+4,4.600000 
 28,2000,+7,8.100000 
 28,2300,+4,4.600000 
 28,2300,+7,8.100000 
 29,0200,+4,4.600000 
 29,0200,+7,8.100000 
 29,0500,+4,4.600000 
 29,0500,+7,8.100000 
 29,0800,+4,4.500000 
 29,0800,+7,8.700000 
 29,1100,+4,4.500000 
 29,1100,+7,8.700000 
 29,1400,+4,4.500000 
 29,1400,+7,8.700000 
 29,1700,+4,4.400000 
 29,1700,+7,8.700000 
 29,2000,+4,7.000000 
 29,2000,+7,2.900000 
 29,2300,+4,7.000000 
 29,2300,+7,2.900000 
 30,0200,+4,7.800000 
 30,0200,+7,2.300000 
 30,0500,+4,7.800000 
 30,0500,+7,2.300000 
 30,0800,+4,6.900000 
 30,0800,+7,2.200000 
 30,1100,+4,6.600000 
 30,1100,+7,2.200000 
 30,1400,+4,5.800000 
 30,1400,+7,1.700000 
 30,1700,+4,5.800000 
 30,1700,+7,1.700000 
 30,2000,+4,2.000000 
 30,2000,+7,2.000000 
 30,2300,+4,2.000000 
 30,2300,+7,2.000000 
 31,0200,+4,2.600000 
 31,0200,+7,2.600000 
 31,0500,+4,2.600000 
 31,0500,+7,2.600000 
 31,0800,+4,1.800000 
 31,0800,+7,1.300000 
 31,1100,+4,1.800000 
 31,1100,+7,1.300000 
 31,1400,+4,1.700000 
 31,1400,+7,1.000000 
 31,1700,+4,1.700000 
 31,1700,+7,1.000000 
 31,2000,+4,2.000000 
 31,2000,+7,8.700000 
 31,2300,+4,2.000000 
 31,2300,+7,8.700000 
 Start : 20161101 
 1,0200,+4,2.000000 
 1,0200,+7,8.700000 
 1,0500,+4,2.000000 
 1,0500,+7,8.700000 
 1,0800,+4,1.900000 
 1,0800,+7,7.900000 
 1,1100,+4,1.900000 
 1,1100,+7,7.900000 
 1,1400,+4,1.000000 
 1,1400,+7,7.900000 
 1,1700,+4,1.000000 
 1,1700,+7,7.900000 
 1,2000,+4,7.000000 
 1,2000,+7,6.200000 
 1,2300,+4,7.000000 
 1,2300,+7,6.200000 
 2,0200,+4,7.300000 
 2,0200,+7,7.100000 
 2,0500,+4,7.300000 
 2,0500,+7,7.100000 
 2,0800,+4,6.600000 
 2,0800,+7,7.100000 
 2,1100,+4,6.600000 
 2,1100,+7,7.100000 
 2,1400,+4,6.600000 
 2,1400,+7,5.700000 
 2,1700,+4,6.300000 
 2,1700,+7,5.700000 
 2,2000,+4,6.100000 
 2,2000,+7,9.600000 
 2,2300,+4,6.100000 
 2,2300,+7,10.000000 
 3,0200,+4,7.000000 
 3,0200,+7,10.200000 
 3,0500,+4,7.000000 
 3,0500,+7,10.200000 
 3,0800,+4,6.000000 
 3,0800,+7,10.000000 
 3,1100,+4,6.000000 
 3,1100,+7,10.000000 
 3,1400,+4,6.100000 
 3,1400,+7,10.000000 
 3,1700,+4,6.100000 
 3,1700,+7,10.100000 
 3,2000,+4,10.900000 
 3,2000,+7,10.700000 
 3,2300,+4,10.900000 
 3,2300,+7,10.700000 
 4,0200,+4,10.900000 
 4,0200,+7,10.700000 
 4,0500,+4,10.900000 
 4,0500,+7,10.700000 
 4,0800,+4,10.600000 
 4,0800,+7,11.200000 
 4,1100,+4,10.600000 
 4,1100,+7,11.200000 
 4,1400,+4,10.600000 
 4,1400,+7,11.200000 
 4,1700,+4,10.600000 
 4,1700,+7,11.200000 
 4,2000,+4,10.800000 
 4,2000,+7,9.100000 
 4,2300,+4,10.800000 
 4,2300,+7,9.100000 
 5,0200,+4,10.800000 
 5,0200,+7,9.100000 
 5,0500,+4,10.800000 
 5,0500,+7,9.100000 
 5,0800,+4,11.000000 
 5,0800,+7,9.300000 
 5,1100,+4,10.900000 
 5,1100,+7,9.300000 
 5,1400,+4,10.900000 
 5,1400,+7,9.300000 
 5,1700,+4,10.900000 
 5,1700,+7,9.300000 
 5,2000,+4,9.500000 
 5,2000,+7,5.500000 
 5,2300,+4,9.500000 
 5,2300,+7,5.500000 
 6,0200,+4,9.500000 
 6,0200,+7,5.500000 
 6,0500,+4,9.500000 
 6,0500,+7,5.500000 
 6,0800,+4,9.400000 
 6,0800,+7,4.200000 
 6,1100,+4,9.400000 
 6,1100,+7,4.200000 
 6,1400,+4,9.400000 
 6,1400,+7,4.200000 
 6,1700,+4,9.400000 
 6,1700,+7,4.200000 
 6,2000,+4,4.200000 
 6,2000,+7,1.100000 
 6,2300,+4,4.200000 
 6,2300,+7,1.000000 
 7,0200,+4,4.800000 
 7,0200,+7,1.200000 
 7,0500,+4,4.800000 
 7,0500,+7,1.200000 
 7,0800,+4,5.100000 
 7,0800,+7,0.200000 
 7,1100,+4,5.100000 
 7,1100,+7,0.200000 
 7,1400,+4,5.200000 
 7,1400,+7,0.000000 
 7,1700,+4,5.000000 
 7,1700,+7,0.000000 
 7,2000,+4,0.400000 
 7,2000,+7,1.900000 
 7,2300,+4,0.400000 
 7,2300,+7,1.900000 
 8,0200,+4,0.300000 
 8,0200,+7,2.000000 
 8,0500,+4,0.300000 
 8,0500,+7,2.000000 
 8,0800,+4,0.200000 
 8,0800,+7,2.300000 
 8,1100,+4,0.200000 
 8,1100,+7,2.300000 
 8,1400,+4,-0.200000 
 8,1400,+7,2.100000 
 8,1700,+4,-0.200000 
 8,1700,+7,2.100000 
 8,2000,+4,1.000000 
 8,2000,+7,6.600000 
 8,2300,+4,1.000000 
 8,2300,+7,6.600000 
 9,0200,+4,1.000000 
 9,0200,+7,6.600000 
 9,0500,+4,1.000000 
 9,0500,+7,6.600000 
 9,0800,+4,1.100000 
 9,0800,+7,6.200000 
 9,1100,+4,1.100000 
 9,1100,+7,6.200000 
 9,1400,+4,1.500000 
 9,1400,+7,5.800000 
 9,1700,+4,1.800000 
 9,1700,+7,5.800000 
 9,2000,+4,5.500000 
 9,2000,+7,5.600000 
 9,2300,+4,5.500000 
 9,2300,+7,5.600000 
 10,0200,+4,6.200000 
 10,0200,+7,5.600000 
 10,0500,+4,6.200000 
 10,0500,+7,5.600000 
 10,0800,+4,5.800000 
 10,0800,+7,5.800000 
 10,1100,+4,5.800000 
 10,1100,+7,5.800000 
 10,1400,+4,5.200000 
 10,1400,+7,5.600000 
 10,1700,+4,5.200000 
 10,1700,+7,5.600000 
 10,2000,+4,5.500000 
 10,2000,+7,10.200000 
 10,2300,+4,5.500000 
 10,2300,+7,10.200000 
 11,0200,+4,6.000000 
 11,0200,+7,10.200000 
 11,0500,+4,6.000000 
 11,0500,+7,10.200000 
 11,0800,+4,6.300000 
 11,0800,+7,10.300000 
 11,1100,+4,6.300000 
 11,1100,+7,10.300000 
 11,1400,+4,5.600000 
 11,1400,+7,10.300000 
 11,1700,+4,5.600000 
 11,1700,+7,10.300000 
 11,2000,+4,9.400000 
 11,2000,+7,8.900000 
 11,2300,+4,9.400000 
 11,2300,+7,8.900000 
 12,0200,+4,9.400000 
 12,0200,+7,8.900000 
 12,0500,+4,9.400000 
 12,0500,+7,8.900000 
 12,0800,+4,9.300000 
 12,0800,+7,9.500000 
 12,1100,+4,9.300000 
 12,1100,+7,9.500000 
 12,1400,+4,9.300000 
 12,1400,+7,9.500000 
 12,1700,+4,9.400000 
 12,1700,+7,9.500000 
 12,2000,+4,10.300000 
 12,2000,+7,5.700000 
 12,2300,+4,10.100000 
 12,2300,+7,5.700000 
 13,0200,+4,10.300000 
 13,0200,+7,5.700000 
 13,0500,+4,10.200000 
 13,0500,+7,5.700000 
 13,0800,+4,10.200000 
 13,0800,+7,5.700000 
 13,1100,+4,10.200000 
 13,1100,+7,5.700000 
 13,1400,+4,10.200000 
 13,1400,+7,5.700000 
 13,1700,+4,10.200000 
 13,1700,+7,5.700000 
 13,2000,+4,4.900000 
 13,2000,+7,0.600000 
 13,2300,+4,4.900000 
 13,2300,+7,0.600000 
 14,0200,+4,4.900000 
 14,0200,+7,0.700000 
 14,0500,+4,4.900000 
 14,0500,+7,0.600000 
 14,0800,+4,4.700000 
 14,0800,+7,0.700000 
 14,1100,+4,4.700000 
 14,1100,+7,0.700000 
 14,1400,+4,4.700000 
 14,1400,+7,0.700000 
 14,1700,+4,4.700000 
 14,1700,+7,0.700000 
 14,2000,+4,1.400000 
 14,2000,+7,4.300000 
 14,2300,+4,1.400000 
 14,2300,+7,4.300000 
 15,0200,+4,2.100000 
 15,0200,+7,4.500000 
 15,0500,+4,2.100000 
 15,0500,+7,4.500000 
 15,0800,+4,2.300000 
 15,0800,+7,4.300000 
 15,1100,+4,2.300000 
 15,1100,+7,4.300000 
 15,1400,+4,1.800000 
 15,1400,+7,4.200000 
 15,1700,+4,1.800000 
 15,1700,+7,4.200000 
 15,2000,+4,4.600000 
 15,2000,+7,6.600000 
 15,2300,+4,4.600000 
 15,2300,+7,6.600000 
 16,0200,+4,4.800000 
 16,0200,+7,6.800000 
 16,0500,+4,4.800000 
 16,0500,+7,6.800000 
 16,0800,+4,4.200000 
 16,0800,+7,7.000000 
 16,1100,+4,4.200000 
 16,1100,+7,7.000000 
 16,1400,+4,4.400000 
 16,1400,+7,6.700000 
 16,1700,+4,4.500000 
 16,1700,+7,6.700000 
 16,2000,+4,6.200000 
 16,2000,+7,10.700000 
 16,2300,+4,6.200000 
 16,2300,+7,10.700000 
 17,0200,+4,6.200000 
 17,0200,+7,10.700000 
 17,0500,+4,6.200000 
 17,0500,+7,10.700000 
 17,0800,+4,5.400000 
 17,0800,+7,10.500000 
 17,1100,+4,5.400000 
 17,1100,+7,10.500000 
 17,1400,+4,5.500000 
 17,1400,+7,10.400000 
 17,1700,+4,5.500000 
 17,1700,+7,10.400000 
 17,2000,+4,10.200000 
 17,2000,+7,9.400000 
 17,2300,+4,10.200000 
 17,2300,+7,9.400000 
 18,0200,+4,10.200000 
 18,0200,+7,9.300000 
 18,0500,+4,10.200000 
 18,0500,+7,9.300000 
 18,0800,+4,8.700000 
 18,0800,+7,9.200000 
 18,1100,+4,8.700000 
 18,1100,+7,9.200000 
 18,1400,+4,9.400000 
 18,1400,+7,9.300000 
 18,1700,+4,9.400000 
 18,1700,+7,9.300000 
 18,2000,+4,9.400000 
 18,2000,+7,5.400000 
 18,2300,+4,9.400000 
 18,2300,+7,5.400000 
 19,0200,+4,9.300000 
 19,0200,+7,5.200000 
 19,0500,+4,9.300000 
 19,0500,+7,5.200000 
 19,0800,+4,9.300000 
 19,0800,+7,5.300000 
 19,1100,+4,9.300000 
 19,1100,+7,5.300000 
 19,1400,+4,9.300000 
 19,1400,+7,5.300000 
 19,1700,+4,9.300000 
 19,1700,+7,5.300000 
 19,2000,+4,5.700000 
 19,2000,+7,4.000000 
 19,2300,+4,5.700000 
 19,2300,+7,4.000000 
 20,0200,+4,5.700000 
 20,0200,+7,4.000000 
 20,0500,+4,5.700000 
 20,0500,+7,4.000000 
 20,0800,+4,5.500000 
 20,0800,+7,4.400000 
 20,1100,+4,5.500000 
 20,1100,+7,4.400000 
 20,1400,+4,5.500000 
 20,1400,+7,4.400000 
 20,1700,+4,3.000000 
 20,1700,+7,4.400000 
 20,2000,+4,3.900000 
 20,2000,+7,-2.600000 
 20,2300,+4,3.900000 
 20,2300,+7,-2.600000 
 21,0200,+4,3.900000 
 21,0200,+7,-2.600000 
 21,0500,+4,3.900000 
 21,0500,+7,-2.600000 
 21,0800,+4,4.000000 
 21,0800,+7,-2.600000 
 21,1100,+4,4.000000 
 21,1100,+7,-2.600000 
 21,1400,+4,4.000000 
 21,1400,+7,-2.600000 
 21,1700,+4,4.000000 
 21,1700,+7,-2.600000 
 21,2000,+4,-2.300000 
 21,2000,+7,-2.200000 
 21,2300,+4,-2.300000 
 21,2300,+7,-2.200000 
 22,0200,+4,-2.300000 
 22,0200,+7,-2.200000 
 22,0500,+4,-2.300000 
 22,0500,+7,-2.200000 
 22,0800,+4,-2.400000 
 22,0800,+7,-2.200000 
 22,1100,+4,-2.400000 
 22,1100,+7,-2.200000 
 22,1400,+4,-2.400000 
 22,1400,+7,-2.200000 
 22,1700,+4,-2.300000 
 22,1700,+7,-2.200000 
 22,2000,+4,-2.100000 
 22,2000,+7,-0.500000 
 22,2300,+4,-2.100000 
 22,2300,+7,-0.500000 
 23,0200,+4,-1.600000 
 23,0200,+7,-0.400000 
 23,0500,+4,-1.600000 
 23,0500,+7,-0.400000 
 23,0800,+4,-1.500000 
 23,0800,+7,0.200000 
 23,1100,+4,-1.500000 
 23,1100,+7,0.200000 
 23,1400,+4,-2.100000 
 23,1400,+7,-0.300000 
 23,1700,+4,-2.100000 
 23,1700,+7,-0.300000 
 23,2000,+4,-0.900000 
 23,2000,+7,1.600000 
 23,2300,+4,-0.900000 
 23,2300,+7,1.600000 
 24,0200,+4,-0.400000 
 24,0200,+7,1.000000 
 24,0500,+4,-1.000000 
 24,0500,+7,0.800000 
 24,0800,+4,-1.300000 
 24,0800,+7,1.300000 
 24,1100,+4,-1.300000 
 24,1100,+7,1.300000 
 24,1400,+4,-1.700000 
 24,1400,+7,1.400000 
 24,1700,+4,-1.700000 
 24,1700,+7,1.400000 
 24,2000,+4,1.300000 
 24,2000,+7,4.000000 
 24,2300,+4,1.300000 
 24,2300,+7,4.000000 
 25,0200,+4,1.300000 
 25,0200,+7,4.000000 
 25,0500,+4,1.300000 
 25,0500,+7,4.000000 
 25,0800,+4,0.200000 
 25,0800,+7,2.200000 
 25,1100,+4,0.200000 
 25,1100,+7,2.200000 
 25,1400,+4,0.300000 
 25,1400,+7,2.200000 
 25,1700,+4,0.000000 
 25,1700,+7,2.200000 
 25,2000,+4,2.000000 
 25,2000,+7,0.400000 
 25,2300,+4,2.000000 
 25,2300,+7,0.400000 
 26,0200,+4,2.000000 
 26,0200,+7,0.400000 
 26,0500,+4,2.000000 
 26,0500,+7,0.400000 
 26,0800,+4,1.200000 
 26,0800,+7,0.700000 
 26,1100,+4,1.200000 
 26,1100,+7,0.700000 
 26,1400,+4,1.600000 
 26,1400,+7,0.700000 
 26,1700,+4,1.500000 
 26,1700,+7,0.700000 
 26,2000,+4,0.400000 
 26,2000,+7,1.100000 
 26,2300,+4,0.400000 
 26,2300,+7,1.100000 
 27,0200,+4,0.200000 
 27,0200,+7,1.300000 
 27,0500,+4,0.200000 
 27,0500,+7,1.300000 
 27,0800,+4,0.200000 
 27,0800,+7,0.900000 
 27,1100,+4,0.200000 
 27,1100,+7,0.900000 
 27,1400,+4,0.200000 
 27,1400,+7,0.900000 
 27,1700,+4,0.200000 
 27,1700,+7,0.900000 
 27,2000,+4,0.700000 
 27,2000,+7,0.900000 
 27,2300,+4,0.700000 
 27,2300,+7,0.900000 
 28,0200,+4,0.700000 
 28,0200,+7,0.900000 
 28,0500,+4,0.700000 
 28,0500,+7,0.900000 
 28,0800,+4,0.800000 
 28,0800,+7,0.400000 
 28,1100,+4,0.800000 
 28,1100,+7,0.400000 
 28,1400,+4,0.800000 
 28,1400,+7,0.400000 
 28,1700,+4,0.800000 
 28,1700,+7,0.400000 
 28,2000,+4,1.200000 
 28,2000,+7,4.600000 
 28,2300,+4,1.200000 
 28,2300,+7,4.600000 
 29,0200,+4,1.200000 
 29,0200,+7,4.600000 
 29,0500,+4,1.200000 
 29,0500,+7,4.600000 
 29,0800,+4,1.300000 
 29,0800,+7,4.800000 
 29,1100,+4,1.300000 
 29,1100,+7,4.800000 
 29,1400,+4,1.300000 
 29,1400,+7,4.800000 
 29,1700,+4,1.200000 
 29,1700,+7,4.800000 
 29,2000,+4,5.600000 
 29,2000,+7,-1.600000 
 29,2300,+4,5.600000 
 29,2300,+7,-1.600000 
 30,0200,+4,5.600000 
 30,0200,+7,-1.600000 
 30,0500,+4,5.600000 
 30,0500,+7,-1.600000 
 30,0800,+4,6.500000 
 30,0800,+7,-1.100000 
 30,1100,+4,6.500000 
 30,1100,+7,-1.300000 
 30,1400,+4,6.500000 
 30,1400,+7,-1.300000 
 30,1700,+4,6.500000 
 30,1700,+7,-1.300000 
 30,2000,+4,-1.200000 
 30,2000,+7,0.500000 
 30,2300,+4,-1.200000 
 30,2300,+7,0.500000 
 Start : 20161201 
 1,0200,+4,-0.600000 
 1,0200,+7,1.000000 
 1,0500,+4,-0.600000 
 1,0500,+7,1.000000 
 1,0800,+4,-0.800000 
 1,0800,+7,1.000000 
 1,1100,+4,-0.800000 
 1,1100,+7,1.000000 
 1,1400,+4,-1.400000 
 1,1400,+7,0.600000 
 1,1700,+4,-1.300000 
 1,1700,+7,0.600000 
 1,2000,+4,0.700000 
 1,2000,+7,3.000000 
 1,2300,+4,0.700000 
 1,2300,+7,3.000000 
 2,0200,+4,1.000000 
 2,0200,+7,3.100000 
 2,0500,+4,1.000000 
 2,0500,+7,3.100000 
 2,0800,+4,-0.400000 
 2,0800,+7,3.200000 
 2,1100,+4,-0.400000 
 2,1100,+7,3.200000 
 2,1400,+4,-1.700000 
 2,1400,+7,3.200000 
 2,1700,+4,-1.500000 
 2,1700,+7,3.200000 
 2,2000,+4,3.100000 
 2,2000,+7,5.100000 
 2,2300,+4,3.100000 
 2,2300,+7,5.100000 
 3,0200,+4,3.100000 
 3,0200,+7,5.100000 
 3,0500,+4,3.100000 
 3,0500,+7,5.100000 
 3,0800,+4,1.600000 
 3,0800,+7,5.900000 
 3,1100,+4,1.600000 
 3,1100,+7,5.900000 
 3,1400,+4,1.500000 
 3,1400,+7,4.900000 
 3,1700,+4,1.500000 
 3,1700,+7,4.900000 
 3,2000,+4,4.100000 
 3,2000,+7,-1.100000 
 3,2300,+4,4.100000 
 3,2300,+7,-1.100000 
 4,0200,+4,4.100000 
 4,0200,+7,-1.100000 
 4,0500,+4,4.400000 
 4,0500,+7,-1.100000 
 4,0800,+4,4.800000 
 4,0800,+7,-1.200000 
 4,1100,+4,4.800000 
 4,1100,+7,-1.200000 
 4,1400,+4,4.800000 
 4,1400,+7,-1.100000 
 4,1700,+4,4.800000 
 4,1700,+7,-1.100000 
 4,2000,+4,-1.500000 
 4,2000,+7,-1.200000 
 4,2300,+4,-1.500000 
 4,2300,+7,-1.200000 
 5,0200,+4,-1.400000 
 5,0200,+7,-0.600000 
 5,0500,+4,-1.400000 
 5,0500,+7,-0.600000 
 5,0800,+4,-1.400000 
 5,0800,+7,-0.600000 
 5,1100,+4,-1.400000 
 5,1100,+7,-0.600000 
 5,1400,+4,-1.400000 
 5,1400,+7,-0.600000 
 5,1700,+4,-1.400000 
 5,1700,+7,-0.600000 
 5,2000,+4,0.000000 
 5,2000,+7,-2.900000 
 5,2300,+4,0.000000 
 5,2300,+7,-2.900000 
 6,0200,+4,0.000000 
 6,0200,+7,-2.900000 
 6,0500,+4,0.000000 
 6,0500,+7,-2.900000 
 6,0800,+4,-0.200000 
 6,0800,+7,-3.000000 
 6,1100,+4,-0.200000 
 6,1100,+7,-3.000000 
 6,1400,+4,-4.400000 
 6,1400,+7,-3.000000 
 6,1700,+4,-2.600000 
 6,1700,+7,-3.000000 
 6,2000,+4,-3.900000 
 6,2000,+7,2.400000 
 6,2300,+4,-3.900000 
 6,2300,+7,2.400000 
 7,0200,+4,-3.900000 
 7,0200,+7,2.400000 
 7,0500,+4,-3.900000 
 7,0500,+7,2.400000 
 7,0800,+4,-3.700000 
 7,0800,+7,2.500000 
 7,1100,+4,-3.700000 
 7,1100,+7,2.500000 
 7,1400,+4,-3.700000 
 7,1400,+7,2.500000 
 7,1700,+4,-3.700000 
 7,1700,+7,2.500000 
 7,2000,+4,3.200000 
 7,2000,+7,-2.900000 
 7,2300,+4,3.200000 
 7,2300,+7,-2.900000 
 8,0200,+4,3.200000 
 8,0200,+7,-2.900000 
 8,0500,+4,3.200000 
 8,0500,+7,-2.900000 
 8,0800,+4,3.500000 
 8,0800,+7,-2.900000 
 8,1100,+4,3.500000 
 8,1100,+7,-2.900000 
 8,1400,+4,3.500000 
 8,1400,+7,-2.900000 
 8,1700,+4,3.500000 
 8,1700,+7,-2.900000 
 8,2000,+4,-3.000000 
 8,2000,+7,-2.600000 
 8,2300,+4,-3.000000 
 8,2300,+7,-2.600000 
 9,0200,+4,-2.700000 
 9,0200,+7,-2.300000 
 9,0500,+4,-2.700000 
 9,0500,+7,-2.300000 
 9,0800,+4,-2.700000 
 9,0800,+7,-2.300000 
 9,1100,+4,-2.700000 
 9,1100,+7,-2.300000 
 9,1400,+4,-2.900000 
 9,1400,+7,-2.500000 
 9,1700,+4,-2.900000 
 9,1700,+7,-2.500000 
 9,2000,+4,-2.900000 
 9,2000,+7,-1.700000 
 9,2300,+4,-2.900000 
 9,2300,+7,-1.700000 
 10,0200,+4,-2.800000 
 10,0200,+7,-1.400000 
 10,0500,+4,-2.800000 
 10,0500,+7,-1.400000 
 10,0800,+4,-2.700000 
 10,0800,+7,-1.500000 
 10,1100,+4,-2.700000 
 10,1100,+7,-1.500000 
 10,1400,+4,-2.900000 
 10,1400,+7,-1.800000 
 10,1700,+4,-2.900000 
 10,1700,+7,-1.700000 
 10,2000,+4,-1.900000 
 10,2000,+7,2.200000 
 10,2300,+4,-1.900000 
 10,2300,+7,2.200000 
 11,0200,+4,-1.900000 
 11,0200,+7,2.200000 
 11,0500,+4,-1.900000 
 11,0500,+7,2.200000 
 11,0800,+4,-2.300000 
 11,0800,+7,0.000000 
 11,1100,+4,-2.200000 
 11,1100,+7,0.000000 
 11,1400,+4,-1.700000 
 11,1400,+7,1.300000 
 11,1700,+4,-2.100000 
 11,1700,+7,0.900000 
 11,2000,+4,0.000000 
 11,2000,+7,-2.400000 
 11,2300,+4,0.000000 
 11,2300,+7,-2.400000 
 12,0200,+4,0.000000 
 12,0200,+7,-2.500000 
 12,0500,+4,0.000000 
 12,0500,+7,-2.500000 
 12,0800,+4,-0.100000 
 12,0800,+7,-2.500000 
 12,1100,+4,-0.100000 
 12,1100,+7,-2.500000 
 12,1400,+4,0.600000 
 12,1400,+7,-2.400000 
 12,1700,+4,0.900000 
 12,1700,+7,-2.400000 
 12,2000,+4,-2.400000 
 12,2000,+7,-4.500000 
 12,2300,+4,-2.400000 
 12,2300,+7,-4.500000 
 13,0200,+4,-2.400000 
 13,0200,+7,-4.500000 
 13,0500,+4,-2.400000 
 13,0500,+7,-4.500000 
 13,0800,+4,-1.500000 
 13,0800,+7,-4.400000 
 13,1100,+4,-1.500000 
 13,1100,+7,-4.400000 
 13,1400,+4,-1.500000 
 13,1400,+7,-4.400000 
 13,1700,+4,-1.400000 
 13,1700,+7,-4.400000 
 13,2000,+4,-4.400000 
 13,2000,+7,-5.400000 
 13,2300,+4,-4.400000 
 13,2300,+7,-5.400000 
 14,0200,+4,-4.400000 
 14,0200,+7,-5.400000 
 14,0500,+4,-4.400000 
 14,0500,+7,-5.400000 
 14,0800,+4,-4.300000 
 14,0800,+7,-5.300000 
 14,1100,+4,-4.300000 
 14,1100,+7,-5.300000 
 14,1400,+4,-4.300000 
 14,1400,+7,-5.300000 
 14,1700,+4,-4.400000 
 14,1700,+7,-5.300000 
 14,2000,+4,-5.300000 
 14,2000,+7,-0.200000 
 14,2300,+4,-5.300000 
 14,2300,+7,-0.200000 
 15,0200,+4,-5.300000 
 15,0200,+7,-0.200000 
 15,0500,+4,-5.300000 
 15,0500,+7,-0.200000 
 15,0800,+4,-5.400000 
 15,0800,+7,-0.800000 
 15,1100,+4,-5.400000 
 15,1100,+7,-0.800000 
 15,1400,+4,-5.400000 
 15,1400,+7,-0.800000 
 15,1700,+4,-5.400000 
 15,1700,+7,-0.800000 
 15,2000,+4,0.400000 
 15,2000,+7,2.500000 
 15,2300,+4,0.400000 
 15,2300,+7,2.200000 
 16,0200,+4,0.400000 
 16,0200,+7,2.200000 
 16,0500,+4,0.400000 
 16,0500,+7,2.200000 
 16,0800,+4,1.000000 
 16,0800,+7,2.200000 
 16,1100,+4,1.000000 
 16,1100,+7,2.200000 
 16,1400,+4,1.000000 
 16,1400,+7,2.200000 
 16,1700,+4,1.000000 
 16,1700,+7,2.200000 
 16,2000,+4,2.200000 
 16,2000,+7,5.400000 
 16,2300,+4,2.200000 
 16,2300,+7,5.400000 
 17,0200,+4,2.000000 
 17,0200,+7,5.800000 
 17,0500,+4,2.000000 
 17,0500,+7,5.800000 
 17,0800,+4,1.600000 
 17,0800,+7,6.000000 
 17,1100,+4,1.600000 
 17,1100,+7,6.000000 
 17,1400,+4,2.300000 
 17,1400,+7,6.200000 
 17,1700,+4,2.300000 
 17,1700,+7,6.200000 
 17,2000,+4,5.600000 
 17,2000,+7,4.600000 
 17,2300,+4,5.600000 
 17,2300,+7,4.600000 
 18,0200,+4,5.100000 
 18,0200,+7,4.800000 
 18,0500,+4,5.100000 
 18,0500,+7,4.800000 
 18,0800,+4,5.900000 
 18,0800,+7,5.100000 
 18,1100,+4,5.900000 
 18,1100,+7,5.100000 
 18,1400,+4,6.200000 
 18,1400,+7,4.600000 
 18,1700,+4,6.200000 
 18,1700,+7,4.600000 
 18,2000,+4,4.600000 
 18,2000,+7,4.500000 
 18,2300,+4,4.600000 
 18,2300,+7,4.500000 
 19,0200,+4,4.600000 
 19,0200,+7,4.500000 
 19,0500,+4,4.600000 
 19,0500,+7,4.500000 
 19,0800,+4,4.700000 
 19,0800,+7,4.700000 
 19,1100,+4,4.700000 
 19,1100,+7,4.700000 
 19,1400,+4,4.800000 
 19,1400,+7,4.800000 
 19,1700,+4,4.900000 
 19,1700,+7,4.800000 
 19,2000,+4,5.100000 
 19,2000,+7,8.900000 
 19,2300,+4,5.100000 
 19,2300,+7,8.900000 
 20,0200,+4,4.900000 
 20,0200,+7,8.900000 
 20,0500,+4,4.900000 
 20,0500,+7,8.900000 
 20,0800,+4,4.600000 
 20,0800,+7,9.100000 
 20,1100,+4,4.600000 
 20,1100,+7,9.100000 
 20,1400,+4,4.600000 
 20,1400,+7,9.100000 
 20,1700,+4,3.900000 
 20,1700,+7,9.100000 
 20,2000,+4,9.000000 
 20,2000,+7,0.400000 
 20,2300,+4,9.000000 
 20,2300,+7,0.400000 
 21,0200,+4,9.000000 
 21,0200,+7,0.300000 
 21,0500,+4,9.000000 
 21,0500,+7,0.300000 
 21,0800,+4,9.000000 
 21,0800,+7,0.100000 
 21,1100,+4,9.000000 
 21,1100,+7,0.100000 
 21,1400,+4,9.000000 
 21,1400,+7,0.100000 
 21,1700,+4,9.000000 
 21,1700,+7,0.100000 
 21,2000,+4,0.000000 
 21,2000,+7,-3.100000 
 21,2300,+4,0.000000 
 21,2300,+7,-3.100000 
 22,0200,+4,0.000000 
 22,0200,+7,-3.100000 
 22,0500,+4,0.000000 
 22,0500,+7,-3.100000 
 22,0800,+4,0.000000 
 22,0800,+7,-4.100000 
 22,1100,+4,0.000000 
 22,1100,+7,-4.100000 
 22,1400,+4,0.000000 
 22,1400,+7,-4.100000 
 22,1700,+4,0.000000 
 22,1700,+7,-4.100000 
 22,2000,+4,-5.000000 
 22,2000,+7,-3.000000 
 22,2300,+4,-5.000000 
 22,2300,+7,-3.000000 
 23,0200,+4,-5.000000 
 23,0200,+7,-3.000000 
 23,0500,+4,-5.000000 
 23,0500,+7,-3.000000 
 23,0800,+4,-5.100000 
 23,0800,+7,-3.000000 
 23,1100,+4,-5.100000 
 23,1100,+7,-3.000000 
 23,1400,+4,-5.000000 
 23,1400,+7,-3.000000 
 23,1700,+4,-5.000000 
 23,1700,+7,-3.000000 
 23,2000,+4,-2.900000 
 23,2000,+7,1.000000 
 23,2300,+4,-2.900000 
 23,2300,+7,1.000000 
 24,0200,+4,-2.900000 
 24,0200,+7,1.000000 
 24,0500,+4,-2.900000 
 24,0500,+7,1.000000 
 24,0800,+4,-2.900000 
 24,0800,+7,1.200000 
 24,1100,+4,-2.900000 
 24,1100,+7,1.200000 
 24,1400,+4,-2.800000 
 24,1400,+7,1.200000 
 24,1700,+4,-2.800000 
 24,1700,+7,1.200000 
 24,2000,+4,1.200000 
 24,2000,+7,0.900000 
 24,2300,+4,1.200000 
 24,2300,+7,0.900000 
 25,0200,+4,2.100000 
 25,0200,+7,0.900000 
 25,0500,+4,2.100000 
 25,0500,+7,0.900000 
 25,0800,+4,1.900000 
 25,0800,+7,-0.600000 
 25,1100,+4,1.900000 
 25,1100,+7,-0.600000 
 25,1400,+4,2.000000 
 25,1400,+7,-0.600000 
 25,1700,+4,2.000000 
 25,1700,+7,-0.600000 
 25,2000,+4,-0.500000 
 25,2000,+7,-6.300000 
 25,2300,+4,-0.500000 
 25,2300,+7,-6.300000 
 26,0200,+4,-0.600000 
 26,0200,+7,-6.100000 
 26,0500,+4,-0.600000 
 26,0500,+7,-6.100000 
 26,0800,+4,-0.700000 
 26,0800,+7,-6.100000 
 26,1100,+4,-0.700000 
 26,1100,+7,-6.100000 
 26,1400,+4,-0.600000 
 26,1400,+7,-6.300000 
 26,1700,+4,-0.600000 
 26,1700,+7,-6.300000 
 26,2000,+4,-6.200000 
 26,2000,+7,-1.500000 
 26,2300,+4,-6.200000 
 26,2300,+7,-1.500000 
 27,0200,+4,-6.200000 
 27,0200,+7,-1.500000 
 27,0500,+4,-6.200000 
 27,0500,+7,-1.500000 
 27,0800,+4,-6.300000 
 27,0800,+7,-1.100000 
 27,1100,+4,-6.300000 
 27,1100,+7,-1.200000 
 27,1400,+4,-6.000000 
 27,1400,+7,-1.500000 
 27,1700,+4,-6.000000 
 27,1700,+7,-1.500000 
 27,2000,+4,-1.600000 
 27,2000,+7,-5.700000 
 27,2300,+4,-1.600000 
 27,2300,+7,-5.700000 
 28,0200,+4,-1.600000 
 28,0200,+7,-5.900000 
 28,0500,+4,-1.600000 
 28,0500,+7,-5.900000 
 28,0800,+4,-1.900000 
 28,0800,+7,-5.100000 
 28,1100,+4,-1.900000 
 28,1100,+7,-5.100000 
 28,1400,+4,-1.800000 
 28,1400,+7,-5.000000 
 28,1700,+4,-2.100000 
 28,1700,+7,-5.000000 
 28,2000,+4,-5.300000 
 28,2000,+7,-1.300000 
 28,2300,+4,-5.300000 
 28,2300,+7,-1.300000 
 29,0200,+4,-5.100000 
 29,0200,+7,-1.100000 
 29,0500,+4,-5.100000 
 29,0500,+7,-1.100000 
 29,0800,+4,-5.200000 
 29,0800,+7,-0.600000 
 29,1100,+4,-5.200000 
 29,1100,+7,-0.600000 
 29,1400,+4,-5.200000 
 29,1400,+7,-0.600000 
 29,1700,+4,-5.200000 
 29,1700,+7,-0.600000 
 29,2000,+4,-2.600000 
 29,2000,+7,-1.400000 
 29,2300,+4,-2.600000 
 29,2300,+7,-1.400000 
 30,0200,+4,-2.600000 
 30,0200,+7,-1.400000 
 30,0500,+4,-2.600000 
 30,0500,+7,-1.400000 
 30,0800,+4,-1.900000 
 30,0800,+7,-0.700000 
 30,1100,+4,-1.900000 
 30,1100,+7,-0.700000 
 30,1400,+4,-2.000000 
 30,1400,+7,-0.700000 
 30,1700,+4,-2.000000 
 30,1700,+7,-0.700000 
 30,2000,+4,-1.400000 
 30,2000,+7,2.800000 
 30,2300,+4,-1.400000 
 30,2300,+7,2.800000 
 31,0200,+4,-1.400000 
 31,0200,+7,2.800000 
 31,0500,+4,-1.400000 
 31,0500,+7,2.800000 
 31,0800,+4,-1.100000 
 31,0800,+7,2.800000 
 31,1100,+4,-1.100000 
 31,1100,+7,2.800000 
 31,1400,+4,-1.100000 
 31,1400,+7,2.800000 
 31,1700,+4,0.700000 
 31,1700,+7,2.900000 
 31,2000,+4,3.700000 
 31,2000,+7,-1.600000 
 31,2300,+4,3.700000 
 31,2300,+7,-1.600000 
 